UniProt_ID,Gene,Protein_Name,Protein_Code,Taxon_ID,Start,End,sequence
A0AUZ9,KANSL1L,KAT8 regulatory NSL complex subunit 1-like protein,KAL1L_HUMAN,9606,19,57,PStmesdkmlymesprtvdeklkgdtfsqmlgf.....................................................................PTpe..................................................................................................PT
A6H8M9,CDHR4,Cadherin-related family member 4,CDHR4_HUMAN,9606,49,62,PT....................................................................................................PTlellnvqp............................................................................................PT
O14513,NCKAP5,Nck-associated protein 5,NCKP5_HUMAN,9606,381,394,PSgfas................................................................................................PTnelp................................................................................................PT
O43237,DYNC1LI2,Cytoplasmic dynein 1 light intermediate chain 2,DC1L2_HUMAN,9606,377,405,PTrasesparg...........................................................................................PSgsprtqgrggpasv......................................................................................PS
P06729,CD2,T-cell surface antigen CD2,CD2_HUMAN,9606,293,349,PShrppppghrvqhqpqkrppa................................................................................PSgtqvhqqkgpplprprvqpkpphgaaensls.....................................................................PS
P08588,ADRB1,Beta-1 adrenergic receptor,ADRB1_HUMAN,9606,273,278,PS....................................................................................................PS....................................................................................................PS
P13798,APEH,Acylamino-acid-releasing enzyme,ACPH_HUMAN,9606,427,440,PSlp..................................................................................................PTlkvgfl..............................................................................................PS
P48067,SLC6A9,Sodium- and chloride-dependent glycine transporter 1,SC6A9_HUMAN,9606,24,89,PSspeqvtllpvqrsfflppfsgat.............................................................................PStslaesvlkvwhgaynsgllpqlmaqhslamaqngav...............................................................PS
P78415,IRX3,Iroquois-class homeodomain protein IRX-3,IRX3_HUMAN,9606,322,381,PSl...................................................................................................PSppvsldpcapapapasalqkpkiwslaetatspdnprrsppgaggsppgaava...............................................PS
Q12980,NPRL3,GATOR complex protein NPRL3,NPRL3_HUMAN,9606,97,120,PTllqhalgqisktd.......................................................................................PSpkrea...............................................................................................PT
Q13938,CAPS,Calcyphosin,CAYP1_HUMAN,9606,27,86,PSlphspl..............................................................................................PStvhscswapphlqrhlplatvspgttqltqgpagrtlgqtqascpepr....................................................PS
Q14966,ZNF638,Zinc finger protein 638,ZN638_HUMAN,9606,330,411,PSmnqqpfsselissvsqqeriphepvinssnvhvgsrgskknyqsqadipirspfgivkaswlpkfshadaqkmkrl........................PT....................................................................................................PS
Q2YD98,UVSSA,UV-stimulated scaffold protein A,UVSSA_HUMAN,9606,457,480,PTsaaaqlrqlrdhlpp.....................................................................................PSsas.................................................................................................PS
Q68CL5,TPGS2,Tubulin polyglutamylase complex subunit 2,TPGS2_HUMAN,9606,248,280,PSkvfksknkivipkkkgpvqpaggqkg..........................................................................PSg...................................................................................................PS
Q6P9F0,CCDC62,Coiled-coil domain-containing protein 62,CCD62_HUMAN,9606,449,475,PSet..................................................................................................PTlsdekqwhdvsvylgltnc.................................................................................PS
Q6ZR08,DNAH12,Dynein axonemal heavy chain 12,DYH12_HUMAN,9606,2979,3076,PSdtsdtspedgvyihglyldgarwdresgllaeqypkllfdlmpiiwik....................................................PTqksriiksdayvcplyktserkgtlsttghstnfviamllktdq........................................................PT
Q7Z589,EMSY,BRCA2-interacting transcriptional repressor EMSY,EMSY_HUMAN,9606,153,183,PTstpv................................................................................................PSgsiatvksprpaspasnvvvl...............................................................................PS
Q86SS6,SYT9,Synaptotagmin-9,SYT9_HUMAN,9606,88,162,PSgskdnnqeplnymdtetneqensedfldp.......................................................................PTpcpdssmkishtspdiplstqtgiqencahgvrvqrqvte............................................................PT
Q8IZJ1,UNC5B,Netrin receptor UNC5B,UNC5B_HUMAN,9606,431,479,PSnpqllh..............................................................................................PSvppdltasagiyrgpvyalqdstdkipmtnsplldpl...............................................................PS
Q8N3R3,TCAIM,T-cell activation inhibitor,TCAIM_HUMAN,9606,301,390,PSyfdlqrrlmiledqisyllggiqvvyieelqpvltleeyyslldvfynrllksrilfhprslrglqmilnsdrya.........................PSlhelghfni...........................................................................................PT
Q8N5U0,C11orf42,Uncharacterized protein C11orf42,CK042_HUMAN,9606,238,272,PTsapadtteaadvpppvpap.................................................................................PTpppqegpedk..........................................................................................PT
Q8NAG6,ANKLE1,Ankyrin repeat and LEM domain-containing protein 1,ANKL1_HUMAN,9606,160,247,PTdetldsialqkqpcrgdnrdigleadpgp.......................................................................PSlpvpletvdkhgssasppghwdyssdasfvtavevsgaedpasdtppwagslp...............................................PT
Q8NDT2,RBM15B,Putative RNA-binding protein 15B,RB15B_HUMAN,9606,734,811,PTsmhilegdqgvissllkdhtsgskltqlkiaqrlrldqpkldevtrrikqgspngyavllatqat...................................PSglgtegm.............................................................................................PT
